question_1,question_2,domain_1,domain_2,correlation,absolute_correlation,sign,paired_n
V07,V08,Environment,Environment,0.6515259709690223,0.6515259709690223,positive,85
V08,V10,Environment,Environment,0.6334183060921685,0.6334183060921685,positive,85
V05,V07,Environment,Environment,0.5908880260888156,0.5908880260888156,positive,85
V10,V12,Environment,Environment,0.5654151358211258,0.5654151358211258,positive,84
V09,V13,Environment,Environment,0.5626914383514261,0.5626914383514261,positive,85
V13,V14,Environment,Environment,0.5594334505093526,0.5594334505093526,positive,85
E14,E15,Education,Education,0.555197096230678,0.555197096230678,positive,87
T10,S05,Technology,Society/Ethics,0.5474598884899124,0.5474598884899124,positive,87
V08,V12,Environment,Environment,0.5385480126966031,0.5385480126966031,positive,84
E07,E10,Education,Education,0.525911944424929,0.525911944424929,positive,87
S09,S14,Society/Ethics,Society/Ethics,0.5176951456469693,0.5176951456469693,positive,83
V05,V06,Environment,Environment,0.5158684543418053,0.5158684543418053,positive,84
S13,V10,Society/Ethics,Environment,0.5152574875661995,0.5152574875661995,positive,85
S11,V06,Society/Ethics,Environment,0.4998544056809194,0.4998544056809194,positive,84
S06,S09,Society/Ethics,Society/Ethics,0.4988351216888095,0.4988351216888095,positive,85
V07,V09,Environment,Environment,0.4953206890620732,0.4953206890620732,positive,85
V07,V13,Environment,Environment,0.4931461467844642,0.4931461467844642,positive,85
V07,V12,Environment,Environment,0.4905984156602722,0.4905984156602722,positive,84
T12,T13,Technology,Technology,0.48997597901486206,0.48997597901486206,positive,88
E07,V07,Education,Environment,0.48760510419883396,0.48760510419883396,positive,85
S07,S09,Society/Ethics,Society/Ethics,0.4861525401536585,0.4861525401536585,positive,84
T11,S14,Technology,Society/Ethics,0.48499676835860434,0.48499676835860434,positive,82
S09,S11,Society/Ethics,Society/Ethics,0.48374575749062354,0.48374575749062354,positive,85
V06,V07,Environment,Environment,0.48363073100431553,0.48363073100431553,positive,84
T02,E12,Technology,Education,0.48239020589492604,0.48239020589492604,positive,87
S01,S03,Society/Ethics,Society/Ethics,0.47817021015290884,0.47817021015290884,positive,86
S09,V03,Society/Ethics,Environment,0.47647759001743684,0.47647759001743684,positive,84
V05,V15,Environment,Environment,0.4732645111885172,0.4732645111885172,positive,85
V03,V10,Environment,Environment,0.47300625936678614,0.47300625936678614,positive,85
S14,V13,Society/Ethics,Environment,0.47204880799938137,0.47204880799938137,positive,82
S14,V09,Society/Ethics,Environment,0.47043608801723213,0.47043608801723213,positive,82
S15,V12,Society/Ethics,Environment,0.470255703655987,0.470255703655987,positive,83
V06,V12,Environment,Environment,0.46775988624294723,0.46775988624294723,positive,83
S13,S14,Society/Ethics,Society/Ethics,0.4646918985374182,0.4646918985374182,positive,84
E07,E12,Education,Education,0.46409231580125415,0.46409231580125415,positive,87
V07,V14,Environment,Environment,0.4630615129082052,0.4630615129082052,positive,85
V01,V02,Environment,Environment,0.45932977282356985,0.45932977282356985,positive,84
S06,V10,Society/Ethics,Environment,0.45610814374352643,0.45610814374352643,positive,85
V08,V13,Environment,Environment,0.45488329123620697,0.45488329123620697,positive,85
S09,S13,Society/Ethics,Society/Ethics,0.45415288964744654,0.45415288964744654,positive,85
V07,V15,Environment,Environment,0.45285597607034195,0.45285597607034195,positive,85
S06,V08,Society/Ethics,Environment,0.45205743487354405,0.45205743487354405,positive,85
E11,S11,Education,Society/Ethics,0.4509917996132394,0.4509917996132394,positive,87
S14,S15,Society/Ethics,Society/Ethics,0.44855568126855494,0.44855568126855494,positive,83
S01,S14,Society/Ethics,Society/Ethics,0.4480971050379556,0.4480971050379556,positive,83
E07,V08,Education,Environment,0.4473447977192373,0.4473447977192373,positive,85
T10,T12,Technology,Technology,0.44633003950968014,0.44633003950968014,positive,90
V06,V15,Environment,Environment,0.4445654043574991,0.4445654043574991,positive,84
V03,V04,Environment,Environment,0.44354878109244567,0.44354878109244567,positive,86
V03,V12,Environment,Environment,0.4426825978389813,0.4426825978389813,positive,84
S13,V03,Society/Ethics,Environment,0.43808214078385427,0.43808214078385427,positive,86
V11,V14,Environment,Environment,0.43722011048232223,0.43722011048232223,positive,84
V04,V06,Environment,Environment,0.43649743042558975,0.43649743042558975,positive,84
S09,V14,Society/Ethics,Environment,0.4333746216512559,0.4333746216512559,positive,83
V07,V10,Environment,Environment,0.4332527208864366,0.4332527208864366,positive,85
S02,S04,Society/Ethics,Society/Ethics,0.43196499361420093,0.43196499361420093,positive,87
E05,E06,Education,Education,0.4307626555182332,0.4307626555182332,positive,84
S02,V10,Society/Ethics,Environment,0.42838213997627117,0.42838213997627117,positive,85
V01,V13,Environment,Environment,0.4280034541319729,0.4280034541319729,positive,84
E11,V09,Education,Environment,0.4257169291997031,0.4257169291997031,positive,85
V12,V14,Environment,Environment,0.4250557968397263,0.4250557968397263,positive,84
S09,V09,Society/Ethics,Environment,0.4240851288402717,0.4240851288402717,positive,83
T12,S13,Technology,Society/Ethics,0.4237249549280872,0.4237249549280872,positive,86
V08,V14,Environment,Environment,0.4235015177216976,0.4235015177216976,positive,85
S09,S15,Society/Ethics,Society/Ethics,0.42341188670490654,0.42341188670490654,positive,84
S02,S15,Society/Ethics,Society/Ethics,0.423323299799949,0.423323299799949,positive,86
V04,V08,Environment,Environment,0.42284305980559245,0.42284305980559245,positive,85
V06,V09,Environment,Environment,0.422514548877027,0.422514548877027,positive,84
S03,S09,Society/Ethics,Society/Ethics,0.42210047545599566,0.42210047545599566,positive,85
S11,V07,Society/Ethics,Environment,0.4208444741236331,0.4208444741236331,positive,85
S07,V12,Society/Ethics,Environment,0.42054720246772515,0.42054720246772515,positive,83
E15,V02,Education,Environment,0.4185958302120988,0.4185958302120988,positive,85
E10,E15,Education,Education,0.4182686580167919,0.4182686580167919,positive,87
V05,V12,Environment,Environment,0.4179911150361838,0.4179911150361838,positive,84
S14,V12,Society/Ethics,Environment,0.4174382425372944,0.4174382425372944,positive,81
S09,V10,Society/Ethics,Environment,0.4166639941121655,0.4166639941121655,positive,83
V09,V15,Environment,Environment,0.4163996106928083,0.4163996106928083,positive,85
S15,V10,Society/Ethics,Environment,0.41344780386397406,0.41344780386397406,positive,84
S11,V14,Society/Ethics,Environment,0.4129741383533898,0.4129741383533898,positive,85
E11,V07,Education,Environment,0.41221894824382543,0.41221894824382543,positive,85
E15,S07,Education,Society/Ethics,0.41211290018766433,0.41211290018766433,positive,86
E12,E14,Education,Education,0.4120788570547255,0.4120788570547255,positive,87
V03,V15,Environment,Environment,0.4103118790921779,0.4103118790921779,positive,85
S10,S12,Society/Ethics,Society/Ethics,0.409317316450986,0.409317316450986,positive,83
E15,V15,Education,Environment,0.40756750899990707,0.40756750899990707,positive,85
S06,V07,Society/Ethics,Environment,0.4052720311734418,0.4052720311734418,positive,85
E11,E15,Education,Education,0.4046992319337703,0.4046992319337703,positive,87
E03,E10,Education,Education,-0.4045575292667455,0.4045575292667455,negative,87
S03,S04,Society/Ethics,Society/Ethics,0.4038098193875608,0.4038098193875608,positive,87
S09,V11,Society/Ethics,Environment,0.4037838132611681,0.4037838132611681,positive,82
S10,V15,Society/Ethics,Environment,0.4022630977826519,0.4022630977826519,positive,82
E07,S06,Education,Society/Ethics,0.4021406867919183,0.4021406867919183,positive,87
S13,V08,Society/Ethics,Environment,0.3975599067128701,0.3975599067128701,positive,85
S07,V04,Society/Ethics,Environment,0.3971547018964132,0.3971547018964132,positive,85
S10,V08,Society/Ethics,Environment,0.3968801855863346,0.3968801855863346,positive,82
E10,S06,Education,Society/Ethics,0.3963513436153727,0.3963513436153727,positive,87
T11,S10,Technology,Society/Ethics,0.3960538581330232,0.3960538581330232,positive,82
S10,S13,Society/Ethics,Society/Ethics,0.3958990785773689,0.3958990785773689,positive,84
S09,V04,Society/Ethics,Environment,0.3954104773407391,0.3954104773407391,positive,84
S04,S14,Society/Ethics,Society/Ethics,0.39435282459279086,0.39435282459279086,positive,84
E07,S11,Education,Society/Ethics,0.3941230070451639,0.3941230070451639,positive,87
V10,V13,Environment,Environment,0.3940977609497875,0.3940977609497875,positive,85
V04,V15,Environment,Environment,0.3940868304381654,0.3940868304381654,positive,85
E06,S10,Education,Society/Ethics,0.3939849266435431,0.3939849266435431,positive,83
S10,V11,Society/Ethics,Environment,0.393068867142299,0.393068867142299,positive,82
S03,S13,Society/Ethics,Society/Ethics,0.3926149195394892,0.3926149195394892,positive,87
T11,V10,Technology,Environment,0.39067869188148724,0.39067869188148724,positive,83
V02,V04,Environment,Environment,0.38987713815129604,0.38987713815129604,positive,85
T11,S09,Technology,Society/Ethics,0.38878391446026217,0.38878391446026217,positive,83
E07,E14,Education,Education,0.3875985262585227,0.3875985262585227,positive,87
T03,T12,Technology,Technology,0.3875252401085992,0.3875252401085992,positive,88
S09,V13,Society/Ethics,Environment,0.3874601487117071,0.3874601487117071,positive,83
S03,V03,Society/Ethics,Environment,0.38682970798829797,0.38682970798829797,positive,86
E10,E12,Education,Education,0.3863954012567695,0.3863954012567695,positive,87
T12,S05,Technology,Society/Ethics,0.38638650433952904,0.38638650433952904,positive,86
V05,V08,Environment,Environment,0.38585460610017,0.38585460610017,positive,85
S01,S02,Society/Ethics,Society/Ethics,0.3850244202173145,0.3850244202173145,positive,86
S07,V02,Society/Ethics,Environment,0.3849208805544028,0.3849208805544028,positive,84
V12,V13,Environment,Environment,0.3847658455775051,0.3847658455775051,positive,84
S14,V07,Society/Ethics,Environment,0.38400773375066255,0.38400773375066255,positive,82
V06,V08,Environment,Environment,0.3835679560253855,0.3835679560253855,positive,84
T06,E12,Technology,Education,0.3835436230997992,0.3835436230997992,positive,87
V04,V05,Environment,Environment,0.3828358302513778,0.3828358302513778,positive,86
V01,V11,Environment,Environment,0.38261593273434863,0.38261593273434863,positive,84
V12,V15,Environment,Environment,0.3825463447781864,0.3825463447781864,positive,84
E11,S06,Education,Society/Ethics,0.3825341549961386,0.3825341549961386,positive,87
S09,S12,Society/Ethics,Society/Ethics,0.3821395099505851,0.3821395099505851,positive,85
S14,V15,Society/Ethics,Environment,0.38199853476896184,0.38199853476896184,positive,82
V04,V10,Environment,Environment,0.3818503721811468,0.3818503721811468,positive,85
T06,V15,Technology,Environment,0.38134237208664,0.38134237208664,positive,85
E01,E10,Education,Education,0.38093425705244927,0.38093425705244927,positive,87
S02,S12,Society/Ethics,Society/Ethics,0.38056986877419813,0.38056986877419813,positive,86
S07,S15,Society/Ethics,Society/Ethics,0.37987731936908786,0.37987731936908786,positive,85
E07,S09,Education,Society/Ethics,0.37943017482159236,0.37943017482159236,positive,85
S06,V11,Society/Ethics,Environment,0.3792569006322139,0.3792569006322139,positive,84
V09,V14,Environment,Environment,0.37907573703776376,0.37907573703776376,positive,85
S09,V07,Society/Ethics,Environment,0.379014122803935,0.379014122803935,positive,83
S13,S15,Society/Ethics,Society/Ethics,0.37897010446203433,0.37897010446203433,positive,86
S15,V08,Society/Ethics,Environment,0.37868581253808026,0.37868581253808026,positive,84
V11,V13,Environment,Environment,0.37781569353610406,0.37781569353610406,positive,84
S15,V06,Society/Ethics,Environment,0.37643309417390397,0.37643309417390397,positive,83
S09,V12,Society/Ethics,Environment,0.37620787749953033,0.37620787749953033,positive,82
E10,S11,Education,Society/Ethics,0.3740778535923339,0.3740778535923339,positive,87
V13,V15,Environment,Environment,0.3740054600101313,0.3740054600101313,positive,85
S07,V14,Society/Ethics,Environment,0.3739616748418065,0.3739616748418065,positive,84
E11,S09,Education,Society/Ethics,0.37334769220776204,0.37334769220776204,positive,85
S15,V03,Society/Ethics,Environment,0.3731059907332063,0.3731059907332063,positive,85
E10,V07,Education,Environment,0.37276260979711634,0.37276260979711634,positive,85
E10,E11,Education,Education,0.3724376827664298,0.3724376827664298,positive,87
V10,V15,Environment,Environment,0.37189909895852247,0.37189909895852247,positive,85
S14,V08,Society/Ethics,Environment,0.3706969771905031,0.3706969771905031,positive,82
E11,S07,Education,Society/Ethics,0.36983344183212213,0.36983344183212213,positive,86
S06,V14,Society/Ethics,Environment,0.36949196446320787,0.36949196446320787,positive,85
S04,S12,Society/Ethics,Society/Ethics,0.36889676362642393,0.36889676362642393,positive,86
S01,S15,Society/Ethics,Society/Ethics,0.3686303697031116,0.3686303697031116,positive,85
E07,E15,Education,Education,0.3682920928338234,0.3682920928338234,positive,87
T01,T02,Technology,Technology,0.3678840265917699,0.3678840265917699,positive,91
S14,V14,Society/Ethics,Environment,0.3666124317364691,0.3666124317364691,positive,82
S14,V10,Society/Ethics,Environment,0.3663340933390453,0.3663340933390453,positive,82
T06,S07,Technology,Society/Ethics,0.36605205479533015,0.36605205479533015,positive,86
T07,V01,Technology,Environment,0.3658228282921394,0.3658228282921394,positive,85
S13,V14,Society/Ethics,Environment,0.3642189217730985,0.3642189217730985,positive,85
V04,V07,Environment,Environment,0.3639650294082246,0.3639650294082246,positive,85
S03,S14,Society/Ethics,Society/Ethics,0.3638767551168379,0.3638767551168379,positive,84
V01,V14,Environment,Environment,0.3635936306056119,0.3635936306056119,positive,84
V04,V09,Environment,Environment,0.36341511422963213,0.36341511422963213,positive,85
V08,V15,Environment,Environment,0.3626442623537984,0.3626442623537984,positive,85
S06,V01,Society/Ethics,Environment,0.3625650040225732,0.3625650040225732,positive,85
V03,V14,Environment,Environment,0.3604119124074774,0.3604119124074774,positive,85
S02,S09,Society/Ethics,Society/Ethics,0.3596370099721002,0.3596370099721002,positive,85
V02,V11,Environment,Environment,0.35896664051958466,0.35896664051958466,positive,83
S04,S09,Society/Ethics,Society/Ethics,0.3589234005278961,0.3589234005278961,positive,85
E15,S11,Education,Society/Ethics,0.3582006769191178,0.3582006769191178,positive,87
S04,V05,Society/Ethics,Environment,0.3575341947984626,0.3575341947984626,positive,86
V04,V13,Environment,Environment,0.3561601200684794,0.3561601200684794,positive,85
S03,S12,Society/Ethics,Society/Ethics,0.35558288518253545,0.35558288518253545,positive,86
S06,V13,Society/Ethics,Environment,0.35543725517987823,0.35543725517987823,positive,85
S11,V15,Society/Ethics,Environment,0.355305479257628,0.355305479257628,positive,85
S06,V12,Society/Ethics,Environment,0.3550423801047298,0.3550423801047298,positive,84
E12,V15,Education,Environment,0.35453952827943175,0.35453952827943175,positive,85
S13,V04,Society/Ethics,Environment,0.35452797063714986,0.35452797063714986,positive,86
T06,E14,Technology,Education,0.35355172631971227,0.35355172631971227,positive,87
S11,V08,Society/Ethics,Environment,0.3534431343391325,0.3534431343391325,positive,85
T11,T12,Technology,Technology,0.3533831770501918,0.3533831770501918,positive,88
E11,E12,Education,Education,0.35330413210052203,0.35330413210052203,positive,87
E10,S14,Education,Society/Ethics,0.3530210910654179,0.3530210910654179,positive,84
V06,V10,Environment,Environment,0.35245530262196334,0.35245530262196334,positive,84
T11,S05,Technology,Society/Ethics,0.35213062316318977,0.35213062316318977,positive,85
S11,S13,Society/Ethics,Society/Ethics,0.35150470961051944,0.35150470961051944,positive,87
S06,V04,Society/Ethics,Environment,0.3498528887471437,0.3498528887471437,positive,86
V09,V10,Environment,Environment,0.3493007602447998,0.3493007602447998,positive,85
E10,V15,Education,Environment,0.34893684652491386,0.34893684652491386,positive,85
S12,S14,Society/Ethics,Society/Ethics,0.3485149587018093,0.3485149587018093,positive,84
S02,S06,Society/Ethics,Society/Ethics,0.34837598371438544,0.34837598371438544,positive,87
E14,S11,Education,Society/Ethics,0.3481435756000787,0.3481435756000787,positive,87
E12,V03,Education,Environment,0.34692611528240114,0.34692611528240114,positive,86
E03,E11,Education,Education,-0.3460686989963359,0.3460686989963359,negative,87
E07,V14,Education,Environment,0.34496523190249523,0.34496523190249523,positive,85
V02,V12,Environment,Environment,0.3443922403504009,0.3443922403504009,positive,83
S07,V15,Society/Ethics,Environment,0.344362918632944,0.344362918632944,positive,84
S07,V01,Society/Ethics,Environment,0.34386480976205264,0.34386480976205264,positive,84
S07,S11,Society/Ethics,Society/Ethics,0.34330080967861,0.34330080967861,positive,86
E07,S14,Education,Society/Ethics,0.3432135132768936,0.3432135132768936,positive,84
S06,V05,Society/Ethics,Environment,0.34305399775783124,0.34305399775783124,positive,86
E08,V09,Education,Environment,0.34296055365412437,0.34296055365412437,positive,83
S07,V05,Society/Ethics,Environment,0.34275207440395405,0.34275207440395405,positive,85
E10,V14,Education,Environment,0.3426060606060606,0.3426060606060606,positive,85
S14,V06,Society/Ethics,Environment,0.33999587587611774,0.33999587587611774,positive,81
T13,V07,Technology,Environment,0.3393776774200173,0.3393776774200173,positive,83
S12,V15,Society/Ethics,Environment,0.33893873087181026,0.33893873087181026,positive,84
V10,V11,Environment,Environment,0.33850997249006676,0.33850997249006676,positive,84
S03,V01,Society/Ethics,Environment,0.33825980418653084,0.33825980418653084,positive,85
E11,V10,Education,Environment,0.33714003357758976,0.33714003357758976,positive,85
E07,V12,Education,Environment,0.3369223764824932,0.3369223764824932,positive,84
S03,V11,Society/Ethics,Environment,0.33666311514890596,0.33666311514890596,positive,84
S06,V09,Society/Ethics,Environment,0.33660528941135576,0.33660528941135576,positive,85
T13,V08,Technology,Environment,0.3363950186951812,0.3363950186951812,positive,83
S11,S14,Society/Ethics,Society/Ethics,0.33598285312985,0.33598285312985,positive,84
S01,S09,Society/Ethics,Society/Ethics,0.3355437041447918,0.3355437041447918,positive,85
V08,V09,Environment,Environment,0.33539876046630973,0.33539876046630973,positive,85
V05,V10,Environment,Environment,0.33475730115534413,0.33475730115534413,positive,85
T05,S11,Technology,Society/Ethics,0.3347194992213716,0.3347194992213716,positive,87
V04,V12,Environment,Environment,0.334698753688958,0.334698753688958,positive,84
E05,E10,Education,Education,0.33457002846974887,0.33457002846974887,positive,85
S13,V12,Society/Ethics,Environment,0.334352478944701,0.334352478944701,positive,84
S10,V04,Society/Ethics,Environment,0.3334982578842387,0.3334982578842387,positive,83
S07,V07,Society/Ethics,Environment,0.3334564211141613,0.3334564211141613,positive,84
T03,E04,Technology,Education,-0.33296361123039614,0.33296361123039614,negative,85
S14,V03,Society/Ethics,Environment,0.3328789946399438,0.3328789946399438,positive,83
S02,S03,Society/Ethics,Society/Ethics,0.3321241331432066,0.3321241331432066,positive,87
V02,V10,Environment,Environment,0.3319462349040132,0.3319462349040132,positive,84
E11,V02,Education,Environment,0.33191501096838116,0.33191501096838116,positive,85
T12,S14,Technology,Society/Ethics,0.33139477967420716,0.33139477967420716,positive,83
E15,V14,Education,Environment,0.3311365732329813,0.3311365732329813,positive,85
S14,V05,Society/Ethics,Environment,0.3309703985674399,0.3309703985674399,positive,83
S04,V15,Society/Ethics,Environment,0.33040844313580214,0.33040844313580214,positive,85
V04,V14,Environment,Environment,0.3301134385970498,0.3301134385970498,positive,85
V06,V13,Environment,Environment,0.3299497288028491,0.3299497288028491,positive,84
E11,V15,Education,Environment,0.3292587882187317,0.3292587882187317,positive,85
V03,V06,Environment,Environment,0.329200209644266,0.329200209644266,positive,84
T15,S15,Technology,Society/Ethics,0.3291419727190526,0.3291419727190526,positive,85
V04,V11,Environment,Environment,0.3290836358517426,0.3290836358517426,positive,84
S13,V15,Society/Ethics,Environment,0.32901746928045916,0.32901746928045916,positive,85
T10,T11,Technology,Technology,0.3289672904875614,0.3289672904875614,positive,89
T13,V10,Technology,Environment,0.3288378177091586,0.3288378177091586,positive,83
V05,V13,Environment,Environment,0.3286706799490538,0.3286706799490538,positive,85
E10,S13,Education,Society/Ethics,0.3286456906046157,0.3286456906046157,positive,87
S12,S15,Society/Ethics,Society/Ethics,0.32845789467433073,0.32845789467433073,positive,85
V03,V05,Environment,Environment,0.3283885139809677,0.3283885139809677,positive,86
S06,S15,Society/Ethics,Society/Ethics,0.3283333096442962,0.3283333096442962,positive,86
V06,V11,Environment,Environment,0.3282012099568796,0.3282012099568796,positive,83
S01,S12,Society/Ethics,Society/Ethics,0.32795865283054343,0.32795865283054343,positive,85
E01,E02,Education,Education,-0.32767885072110375,0.32767885072110375,negative,87
V11,V12,Environment,Environment,0.3276441537626673,0.3276441537626673,positive,83
E01,E09,Education,Education,0.327605076299488,0.327605076299488,positive,86
E11,V08,Education,Environment,0.3271267878791411,0.3271267878791411,positive,85
V05,V14,Environment,Environment,0.327047762860389,0.327047762860389,positive,85
V01,V04,Environment,Environment,0.32637927359609753,0.32637927359609753,positive,85
S07,V06,Society/Ethics,Environment,0.3260205114730689,0.3260205114730689,positive,83
E09,S02,Education,Society/Ethics,0.3250964999375382,0.3250964999375382,positive,86
E01,E05,Education,Education,0.3242248528052163,0.3242248528052163,positive,85
E12,S13,Education,Society/Ethics,0.32392753573198757,0.32392753573198757,positive,87
V08,V11,Environment,Environment,0.3232254172669236,0.3232254172669236,positive,84
E05,V07,Education,Environment,0.32307251171881435,0.32307251171881435,positive,83
E08,V02,Education,Environment,0.3229155186869585,0.3229155186869585,positive,83
E15,V12,Education,Environment,0.3219564959250609,0.3219564959250609,positive,84
S15,V04,Society/Ethics,Environment,0.32194951977932196,0.32194951977932196,positive,85
E07,E11,Education,Education,0.32142417773497395,0.32142417773497395,positive,87
V03,V09,Environment,Environment,0.32078992699899544,0.32078992699899544,positive,85
S06,S11,Society/Ethics,Society/Ethics,0.32021839632886395,0.32021839632886395,positive,87
T11,V13,Technology,Environment,0.32010984355489003,0.32010984355489003,positive,83
V09,V12,Environment,Environment,0.31996097651940925,0.31996097651940925,positive,84
S11,S12,Society/Ethics,Society/Ethics,0.3193774123375791,0.3193774123375791,positive,86
E10,S09,Education,Society/Ethics,0.31882777137358187,0.31882777137358187,positive,85
S03,S15,Society/Ethics,Society/Ethics,0.3187736653764935,0.3187736653764935,positive,86
T11,S13,Technology,Society/Ethics,0.31869147864127567,0.31869147864127567,positive,85
V14,V15,Environment,Environment,0.3181152420536824,0.3181152420536824,positive,85
E11,E14,Education,Education,0.31790277582825155,0.31790277582825155,positive,87
S06,V02,Society/Ethics,Environment,0.31749683462427347,0.31749683462427347,positive,85
S02,S13,Society/Ethics,Society/Ethics,0.3171076451454187,0.3171076451454187,positive,87
E07,E09,Education,Education,0.31654689870193387,0.31654689870193387,positive,86
T03,V09,Technology,Environment,0.3165034522208454,0.3165034522208454,positive,83
E15,S15,Education,Society/Ethics,0.31636212590975615,0.31636212590975615,positive,86
T03,E11,Technology,Education,0.3147776266862019,0.3147776266862019,positive,85
V03,V08,Environment,Environment,0.3143841992559993,0.3143841992559993,positive,85
S12,V07,Society/Ethics,Environment,0.31363206461593574,0.31363206461593574,positive,84
S09,V06,Society/Ethics,Environment,0.3135949776639342,0.3135949776639342,positive,82
T11,V11,Technology,Environment,0.31333553834162203,0.31333553834162203,positive,82
T14,E03,Technology,Education,-0.3131195235354679,0.3131195235354679,negative,86
V02,V08,Environment,Environment,0.31305659248298695,0.31305659248298695,positive,84
S09,V15,Society/Ethics,Environment,0.3129491248760835,0.3129491248760835,positive,83
T11,S12,Technology,Society/Ethics,0.31279107037820353,0.31279107037820353,positive,84
T11,V15,Technology,Environment,0.3126513106023383,0.3126513106023383,positive,83
S05,V13,Society/Ethics,Environment,0.3117425029611914,0.3117425029611914,positive,85
S11,V09,Society/Ethics,Environment,0.3116185156485092,0.3116185156485092,positive,85
E10,E14,Education,Education,0.31156352345637156,0.31156352345637156,positive,87
E01,S07,Education,Society/Ethics,0.31116656971304346,0.31116656971304346,positive,86
E07,V09,Education,Environment,0.31114726934624204,0.31114726934624204,positive,85
E11,V14,Education,Environment,0.31095379150278785,0.31095379150278785,positive,85
S06,S07,Society/Ethics,Society/Ethics,0.3104294611164381,0.3104294611164381,positive,86
V02,V07,Environment,Environment,0.3099342935619342,0.3099342935619342,positive,84
E09,E10,Education,Education,0.3098269440658306,0.3098269440658306,positive,86
E10,V09,Education,Environment,0.3097520411679581,0.3097520411679581,positive,85
T11,V04,Technology,Environment,0.30858696183029216,0.30858696183029216,positive,84
E15,V03,Education,Environment,0.30825135258047326,0.30825135258047326,positive,86
V03,V07,Environment,Environment,0.30789200153118707,0.30789200153118707,positive,85
S10,S14,Society/Ethics,Society/Ethics,0.3078348285624698,0.3078348285624698,positive,81
S10,S11,Society/Ethics,Society/Ethics,0.30779935189334007,0.30779935189334007,positive,84
E12,E15,Education,Education,0.30731905977477825,0.30731905977477825,positive,87
S08,S09,Society/Ethics,Society/Ethics,0.30709156644228963,0.30709156644228963,positive,84
E11,V06,Education,Environment,0.30655211942953126,0.30655211942953126,positive,84
T11,S04,Technology,Society/Ethics,0.3061930911573918,0.3061930911573918,positive,85
E08,E11,Education,Education,0.3056485028570521,0.3056485028570521,positive,85
E03,E12,Education,Education,-0.3048636675891936,0.3048636675891936,negative,87
S10,V10,Society/Ethics,Environment,0.30445947645831833,0.30445947645831833,positive,82
E11,V04,Education,Environment,0.3044264558894022,0.3044264558894022,positive,86
S07,S14,Society/Ethics,Society/Ethics,0.3041298618379186,0.3041298618379186,positive,83
T07,V14,Technology,Environment,0.30367803597783244,0.30367803597783244,positive,85
T06,E10,Technology,Education,0.3034282230594168,0.3034282230594168,positive,87
T04,E14,Technology,Education,0.3031740517416,0.3031740517416,positive,87
S01,S08,Society/Ethics,Society/Ethics,0.30282584778996763,0.30282584778996763,positive,85
S11,V05,Society/Ethics,Environment,0.30277600637312585,0.30277600637312585,positive,86
S04,S10,Society/Ethics,Society/Ethics,0.3026983010301058,0.3026983010301058,positive,84
E12,S14,Education,Society/Ethics,0.302011472673959,0.302011472673959,positive,84
E12,S07,Education,Society/Ethics,0.30169911257542975,0.30169911257542975,positive,86
T10,T13,Technology,Technology,0.30152165566767697,0.30152165566767697,positive,89
T11,V02,Technology,Environment,0.30074056897875817,0.30074056897875817,positive,83
S09,V05,Society/Ethics,Environment,0.3001946704585598,0.3001946704585598,positive,84
